Customer_ID,last_active_date,recency,frequency,monetary,frequency_percent_rank,monetary_percent_rank,recency_rank,frequency_rank,monetary_rank,rfm_ranking,rfm_segment
MO-17950,2022-07-03,182,1,48.00,0.00,0.00,2,1,1,211,Churners
SC-20095,2022-01-15,351,1,254.00,0.00,0.00,1,1,1,111,Churners
BD-11635,2022-12-21,11,1,284.00,0.00,0.00,3,1,1,311,New Customers
TB-21595,2022-03-20,287,1,291.00,0.00,0.00,1,1,1,111,Churners
AR-10510,2022-12-16,16,1,540.00,0.00,0.01,3,1,1,311,New Customers
RS-19870,2022-12-11,21,1,890.00,0.00,0.01,3,1,1,311,New Customers
TZ-21580,2022-11-25,37,1,1032.00,0.00,0.01,3,1,1,311,New Customers
NM-18520,2022-04-30,246,1,1152.00,0.00,0.01,1,1,1,111,Churners
AG-10300,2022-09-03,120,1,1192.00,0.00,0.01,2,1,1,211,Churners
LR-16915,2022-12-04,28,1,1298.00,0.00,0.01,3,1,1,311,New Customers
SC-20230,2022-08-03,151,1,1606.00,0.00,0.01,2,1,1,211,Churners
FW-14395,2022-01-02,364,1,1659.00,0.00,0.02,1,1,1,111,Churners
LW-17125,2022-06-08,207,1,2072.00,0.00,0.02,1,1,1,111,Churners
SV-20815,2022-10-15,78,1,2336.00,0.00,0.02,3,1,1,311,New Customers
PC-18745,2022-12-28,4,1,2376.00,0.00,0.02,3,1,1,311,New Customers
AA-10645,2022-11-05,57,1,2592.00,0.00,0.02,3,1,1,311,New Customers
VG-21805,2022-03-19,288,1,2682.00,0.00,0.02,1,1,1,111,Churners
JM-15535,2022-09-19,104,2,3292.00,0.29,0.02,2,1,1,211,Churners
CG-12520,2022-01-26,340,1,3632.00,0.00,0.03,1,1,1,111,Churners
NM-18445,2022-07-23,162,1,4176.00,0.00,0.03,2,1,1,211,Churners
AJ-10960,2022-10-17,76,1,4256.00,0.00,0.03,3,1,1,311,New Customers
MC-17275,2022-10-15,78,1,4419.00,0.00,0.03,3,1,1,311,New Customers
BM-11785,2022-05-26,220,1,4616.00,0.00,0.03,1,1,1,111,Churners
SC-20800,2022-11-30,32,2,5162.00,0.29,0.03,3,1,1,311,New Customers
JB-16045,2022-12-23,9,1,5492.00,0.00,0.03,3,1,1,311,New Customers
BP-11050,2022-10-08,85,2,5941.00,0.29,0.04,3,1,1,311,New Customers
TS-21340,2022-05-18,228,1,5960.00,0.00,0.04,1,1,1,111,Churners
BP-11230,2022-11-21,41,1,7098.00,0.00,0.04,3,1,1,311,New Customers
AG-10390,2022-09-07,116,1,7904.00,0.00,0.04,2,1,1,211,Churners
AR-10345,2022-09-10,113,2,8088.00,0.29,0.04,2,1,1,211,Churners
CS-12505,2022-11-02,60,1,8405.00,0.00,0.04,3,1,1,311,New Customers
TS-21085,2022-01-07,359,1,8424.00,0.00,0.04,1,1,1,111,Churners
DL-12925,2022-11-03,59,1,8814.00,0.00,0.05,3,1,1,311,New Customers
VM-21835,2022-09-04,119,1,8892.00,0.00,0.05,2,1,1,211,Churners
BN-11515,2022-12-21,11,2,8910.00,0.29,0.05,3,1,1,311,New Customers
JM-15580,2022-12-30,2,1,9072.00,0.00,0.05,3,1,1,311,New Customers
EK-13795,2022-11-16,46,1,9344.00,0.00,0.05,3,1,1,311,New Customers
MW-18220,2022-12-13,19,1,9432.00,0.00,0.05,3,1,1,311,New Customers
MT-17815,2022-11-11,51,2,9546.00,0.29,0.05,3,1,1,311,New Customers
MZ-17335,2022-11-30,32,2,9732.00,0.29,0.06,3,1,1,311,New Customers
LW-16825,2022-10-03,90,1,10320.00,0.00,0.06,3,1,1,311,New Customers
SV-20785,2022-02-13,322,1,10719.00,0.00,0.06,1,1,1,111,Churners
BB-10990,2022-09-16,107,2,11102.00,0.29,0.06,2,1,1,211,Churners
LS-17245,2022-11-26,36,1,11397.00,0.00,0.06,3,1,1,311,New Customers
EM-13810,2022-08-20,134,1,12087.00,0.00,0.06,2,1,1,211,Churners
NW-18400,2022-07-11,174,1,12128.00,0.00,0.07,2,1,1,211,Churners
DL-12865,2022-09-21,102,2,12306.00,0.29,0.07,2,1,1,211,Churners
DL-13330,2022-11-03,59,1,12411.00,0.00,0.07,3,1,1,311,New Customers
SS-20875,2022-09-01,122,1,13459.00,0.00,0.07,2,1,1,211,Churners
TB-21190,2022-11-11,51,2,14202.00,0.29,0.07,3,1,1,311,New Customers
JC-15340,2022-09-07,116,1,14382.00,0.00,0.07,2,1,1,211,Churners
SC-20680,2022-08-26,128,1,14396.00,0.00,0.07,2,1,1,211,Churners
LB-16735,2022-11-12,50,2,15348.00,0.29,0.08,3,1,1,311,New Customers
MM-18280,2022-10-06,87,3,16134.00,0.58,0.08,3,2,1,321,Active
HF-14995,2022-12-09,23,1,17245.00,0.00,0.08,3,1,1,311,New Customers
MV-18190,2022-12-11,21,1,17340.00,0.00,0.08,3,1,1,311,New Customers
RF-19840,2022-12-24,8,2,17628.00,0.29,0.08,3,1,1,311,New Customers
ZD-21925,2022-06-11,204,1,18432.00,0.00,0.08,1,1,1,111,Churners
MH-17785,2022-09-23,100,1,18496.00,0.00,0.08,3,1,1,311,New Customers
MG-18205,2022-04-10,266,1,19417.00,0.00,0.09,1,1,1,111,Churners
PB-19150,2022-09-24,99,1,19980.00,0.00,0.09,3,1,1,311,New Customers
HJ-14875,2022-08-26,128,1,21488.00,0.00,0.09,2,1,1,211,Churners
RE-19450,2022-03-03,304,1,21504.00,0.00,0.09,1,1,1,111,Churners
MC-17590,2022-11-09,53,1,22711.00,0.00,0.09,3,1,1,311,New Customers
ML-17395,2022-10-22,71,2,22755.00,0.29,0.09,3,1,1,311,New Customers
BK-11260,2022-10-14,79,2,22936.00,0.29,0.09,3,1,1,311,New Customers
DP-13390,2022-01-06,360,2,23690.00,0.29,0.10,1,1,1,111,Churners
DN-13690,2022-05-27,219,1,23865.00,0.00,0.10,1,1,1,111,Churners
JO-15550,2022-05-29,217,2,23997.00,0.29,0.10,1,1,1,111,Churners
RM-19750,2022-03-06,301,1,24229.00,0.00,0.10,1,1,1,111,Churners
MP-17965,2022-10-19,74,2,24613.00,0.29,0.10,3,1,1,311,New Customers
CG-12040,2022-11-11,51,2,25709.00,0.29,0.10,3,1,1,311,New Customers
EM-14095,2022-09-08,115,1,26048.00,0.00,0.10,2,1,1,211,Churners
EL-13735,2022-10-14,79,1,26362.00,0.00,0.11,3,1,1,311,New Customers
KN-16450,2022-11-08,54,1,27420.00,0.00,0.11,3,1,1,311,New Customers
AS-10135,2022-11-19,43,1,27440.00,0.00,0.11,3,1,1,311,New Customers
NP-18325,2022-12-05,27,1,27882.00,0.00,0.11,3,1,1,311,New Customers
AG-10270,2022-03-27,280,1,30016.00,0.00,0.11,1,1,1,111,Churners
ML-18265,2022-09-21,102,1,30392.00,0.00,0.11,2,1,1,211,Churners
DA-13450,2022-01-12,354,1,31584.00,0.00,0.11,1,1,1,111,Churners
EB-13975,2022-12-30,2,1,31952.00,0.00,0.12,3,1,1,311,New Customers
RC-19960,2022-09-11,112,1,34504.00,0.00,0.12,2,1,1,211,Churners
BD-11560,2022-03-27,280,1,34910.00,0.00,0.12,1,1,1,111,Churners
TC-21535,2022-12-26,6,2,36288.00,0.29,0.12,3,1,1,311,New Customers
RK-19300,2022-09-02,121,1,36576.00,0.00,0.12,2,1,1,211,Churners
JP-16135,2022-09-19,104,3,37831.00,0.58,0.12,2,2,1,221,Potential churners
GK-14620,2022-09-09,114,1,39424.00,0.00,0.12,2,1,1,211,Churners
SG-20605,2022-09-13,110,2,40351.00,0.29,0.13,2,1,1,211,Churners
SC-20575,2022-09-29,94,3,40431.00,0.58,0.13,3,2,1,321,Active
DD-13570,2022-11-19,43,3,41207.00,0.58,0.13,3,2,1,321,Active
TG-21310,2022-01-27,339,1,41382.00,0.00,0.13,1,1,1,111,Churners
EB-14170,2022-10-09,84,1,43264.00,0.00,0.13,3,1,1,311,New Customers
CR-12730,2022-10-13,80,1,45245.00,0.00,0.13,3,1,1,311,New Customers
BV-11245,2022-01-30,336,1,46235.00,0.00,0.13,1,1,1,111,Churners
AA-10480,2022-04-15,261,1,46656.00,0.00,0.14,1,1,1,111,Churners
BG-11035,2022-12-02,30,3,47086.00,0.58,0.14,3,2,1,321,Active
PF-19165,2022-06-17,198,1,47978.00,0.00,0.14,2,1,1,211,Churners
Dl-13600,2022-09-02,121,2,48464.00,0.29,0.14,2,1,1,211,Churners
BW-11200,2022-06-10,205,2,49524.00,0.29,0.14,1,1,1,111,Churners
GZ-14470,2022-12-23,9,3,50323.00,0.58,0.14,3,2,1,321,Active
TG-21640,2022-09-07,116,1,52173.00,0.00,0.14,2,1,1,211,Churners
TN-21040,2022-10-01,92,1,52375.00,0.00,0.15,3,1,1,311,New Customers
AA-10375,2022-12-11,21,2,52567.00,0.29,0.15,3,1,1,311,New Customers
EJ-14155,2022-11-03,59,3,53548.00,0.58,0.15,3,2,1,321,Active
BP-11155,2022-10-02,91,3,53875.00,0.58,0.15,3,2,1,321,Active
AH-10585,2022-12-09,23,2,55892.00,0.29,0.15,3,1,1,311,New Customers
EM-13960,2022-08-01,153,1,55962.00,0.00,0.15,2,1,1,211,Churners
MS-17770,2022-08-31,123,1,58185.00,0.00,0.15,2,1,1,211,Churners
HH-15010,2022-10-19,74,1,59790.00,0.00,0.16,3,1,1,311,New Customers
EH-13945,2022-05-27,219,2,60882.00,0.29,0.16,1,1,1,111,Churners
BO-11425,2022-10-16,77,1,62375.00,0.00,0.16,3,1,1,311,New Customers
CC-12145,2022-09-15,108,1,63488.00,0.00,0.16,2,1,1,211,Churners
JK-15325,2022-03-18,289,1,63602.00,0.00,0.16,1,1,1,111,Churners
SG-20890,2022-05-18,228,1,67970.00,0.00,0.16,1,1,1,111,Churners
BT-11680,2022-12-10,22,2,70504.00,0.29,0.16,3,1,1,311,New Customers
EN-13780,2022-03-18,289,1,71496.00,0.00,0.17,1,1,1,111,Churners
LF-17185,2022-12-08,24,2,73211.00,0.29,0.17,3,1,1,311,New Customers
TR-21325,2022-06-20,195,1,73955.00,0.00,0.17,2,1,1,211,Churners
RP-19855,2022-12-02,30,2,74408.00,0.29,0.17,3,1,1,311,New Customers
RR-19525,2022-07-13,172,1,74788.00,0.00,0.17,2,1,1,211,Churners
RB-19570,2022-12-05,27,2,75898.00,0.29,0.17,3,1,1,311,New Customers
GB-14530,2022-10-29,64,2,75953.00,0.29,0.17,3,1,1,311,New Customers
AC-10420,2022-05-12,234,1,77656.00,0.00,0.18,1,1,1,111,Churners
GH-14425,2022-11-10,52,1,78253.00,0.00,0.18,3,1,1,311,New Customers
SS-20410,2022-09-11,112,2,79118.00,0.29,0.18,2,1,1,211,Churners
BT-11305,2022-01-28,338,1,83313.00,0.00,0.18,1,1,1,111,Churners
IG-15085,2022-10-20,73,1,86261.00,0.00,0.18,3,1,1,311,New Customers
EC-14050,2022-11-07,55,3,86936.00,0.58,0.18,3,2,1,321,Active
JE-16165,2022-12-10,22,2,87039.00,0.29,0.18,3,1,1,311,New Customers
MH-17620,2022-07-28,157,1,87258.00,0.00,0.19,2,1,1,211,Churners
MO-17500,2022-10-19,74,1,91275.00,0.00,0.19,3,1,1,311,New Customers
BG-11695,2022-11-24,38,2,91313.00,0.29,0.19,3,1,1,311,New Customers
JC-16105,2022-11-03,59,2,94101.00,0.29,0.19,3,1,1,311,New Customers
RD-19720,2022-12-09,23,3,94554.00,0.58,0.19,3,2,1,321,Active
BN-11470,2022-12-06,26,2,100300.00,0.29,0.19,3,1,1,311,New Customers
CC-12370,2022-11-17,45,2,100928.00,0.29,0.20,3,1,1,311,New Customers
KS-16300,2022-03-10,297,1,101152.00,0.00,0.20,1,1,1,111,Churners
AI-10855,2022-12-17,15,4,102335.00,0.80,0.20,3,3,1,331,Active
ME-18010,2022-09-29,94,1,102336.00,0.00,0.20,3,1,1,311,New Customers
TB-21520,2022-09-14,109,2,103779.00,0.29,0.20,2,1,1,211,Churners
MZ-17515,2022-03-23,284,1,104274.00,0.00,0.20,1,1,1,111,Churners
FC-14335,2022-06-29,186,2,105779.00,0.29,0.20,2,1,1,211,Churners
SP-20860,2022-10-12,81,3,105957.00,0.58,0.21,3,2,1,321,Active
FM-14380,2022-08-07,147,2,109688.00,0.29,0.21,2,1,1,211,Churners
CA-11965,2022-09-25,98,2,110053.00,0.29,0.21,3,1,1,311,New Customers
AH-10195,2022-11-05,57,2,110447.00,0.29,0.21,3,1,1,311,New Customers
TB-21055,2022-09-02,121,3,110951.00,0.58,0.21,2,2,1,221,Potential churners
AA-10315,2022-06-29,186,1,111190.00,0.00,0.21,2,1,1,211,Churners
CS-11860,2022-07-21,164,3,112184.00,0.58,0.21,2,2,1,221,Potential churners
GD-14590,2022-12-25,7,2,113806.00,0.29,0.22,3,1,1,311,New Customers
JD-15790,2022-09-04,119,2,116064.00,0.29,0.22,2,1,1,211,Churners
MC-17845,2022-12-29,3,3,117425.00,0.58,0.22,3,2,1,321,Active
BF-11080,2022-12-05,27,2,117639.00,0.29,0.22,3,1,1,311,New Customers
JD-16060,2022-03-05,302,1,119821.00,0.00,0.22,1,1,1,111,Churners
JO-15280,2022-09-29,94,1,121960.00,0.00,0.22,3,1,1,311,New Customers
JH-15985,2022-12-01,31,1,122592.00,0.00,0.22,3,1,1,311,New Customers
EH-14185,2022-09-16,107,1,123264.00,0.00,0.23,2,1,1,211,Churners
RB-19465,2022-12-21,11,4,123668.00,0.80,0.23,3,3,1,331,Active
TH-21115,2022-11-02,60,1,124656.00,0.00,0.23,3,1,1,311,New Customers
NP-18670,2022-11-02,60,2,127613.00,0.29,0.23,3,1,1,311,New Customers
JS-15595,2022-09-02,121,1,129200.00,0.00,0.23,2,1,1,211,Churners
PB-19105,2022-11-03,59,2,130302.00,0.29,0.23,3,1,1,311,New Customers
LA-16780,2022-07-29,156,1,130584.00,0.00,0.23,2,1,1,211,Churners
AH-10030,2022-12-18,14,1,130928.00,0.00,0.24,3,1,1,311,New Customers
MY-18295,2022-10-20,73,3,136344.00,0.58,0.24,3,2,1,321,Active
LS-17200,2022-09-25,98,3,139939.00,0.58,0.24,3,2,1,321,Active
BS-11590,2022-11-25,37,1,140392.00,0.00,0.24,3,1,1,311,New Customers
AG-10675,2022-09-24,99,4,143090.00,0.80,0.24,3,3,1,331,Active
BF-10975,2022-09-30,93,1,144648.00,0.00,0.24,3,1,1,311,New Customers
BD-11620,2022-10-22,71,1,149723.00,0.00,0.24,3,1,1,311,New Customers
YC-21895,2022-12-26,6,1,150136.00,0.00,0.25,3,1,1,311,New Customers
DB-13360,2022-04-10,266,1,153074.00,0.00,0.25,1,1,1,111,Churners
SP-20545,2022-02-06,329,1,154972.00,0.00,0.25,1,1,1,111,Churners
LW-17215,2022-12-09,23,3,155414.00,0.58,0.25,3,2,1,321,Active
DP-13105,2022-12-24,8,4,159069.00,0.80,0.25,3,3,1,331,Active
MS-17365,2022-04-01,275,1,159340.00,0.00,0.25,1,1,1,111,Churners
DM-12955,2022-09-07,116,1,163136.00,0.00,0.25,2,1,1,211,Churners
HA-14920,2022-12-10,22,2,165518.00,0.29,0.26,3,1,1,311,New Customers
SF-20065,2022-11-01,61,2,165813.00,0.29,0.26,3,1,1,311,New Customers
EA-14035,2022-07-31,154,2,166404.00,0.29,0.26,2,1,1,211,Churners
AH-10465,2022-05-14,232,2,170989.00,0.29,0.26,1,1,1,111,Churners
SC-20695,2022-10-02,91,2,171212.00,0.29,0.26,3,1,1,311,New Customers
LH-16750,2022-08-01,153,2,171564.00,0.29,0.26,2,1,1,211,Churners
MK-17905,2022-12-02,30,3,173604.00,0.58,0.26,3,2,1,321,Active
DW-13480,2022-05-27,219,1,173659.00,0.00,0.27,1,1,1,111,Churners
CS-12460,2022-12-03,29,2,174012.00,0.29,0.27,3,1,1,311,New Customers
LR-17035,2022-08-20,134,2,175122.00,0.29,0.27,2,1,1,211,Churners
DK-13150,2022-12-20,12,1,175257.00,0.00,0.27,3,1,1,311,New Customers
BS-11800,2022-04-09,267,1,176146.00,0.00,0.27,1,1,1,111,Churners
GB-14575,2022-12-17,15,2,177309.00,0.29,0.27,3,1,1,311,New Customers
FA-14230,2022-09-24,99,1,177660.00,0.00,0.27,3,1,1,311,New Customers
RB-19435,2022-12-11,21,2,181203.00,0.29,0.28,3,1,1,311,New Customers
LC-17050,2022-11-06,56,2,181320.00,0.29,0.28,3,1,1,311,New Customers
EM-14065,2022-11-13,49,2,183137.00,0.29,0.28,3,1,1,311,New Customers
CB-12415,2022-12-04,28,3,187006.00,0.58,0.28,3,2,1,321,Active
DL-13315,2022-12-08,24,3,189689.00,0.58,0.28,3,2,1,321,Active
SM-20950,2022-12-05,27,3,192967.00,0.58,0.28,3,2,1,321,Active
RM-19375,2022-01-19,347,1,196282.00,0.00,0.28,1,1,1,111,Churners
SR-20740,2022-06-17,198,1,200627.00,0.00,0.29,2,1,1,211,Churners
PT-19090,2022-10-20,73,2,205072.00,0.29,0.29,3,1,1,311,New Customers
MG-17890,2022-09-22,101,5,208147.00,0.93,0.29,2,3,1,231,Potential churners
HE-14800,2022-12-18,14,2,215148.00,0.29,0.29,3,1,1,311,New Customers
JK-15370,2022-11-16,46,3,215643.00,0.58,0.29,3,2,1,321,Active
CC-12550,2022-12-03,29,3,216672.00,0.58,0.29,3,2,1,321,Active
PL-18925,2022-12-15,17,3,219718.00,0.58,0.29,3,2,1,321,Active
KM-16225,2022-12-16,16,3,222989.00,0.58,0.30,3,2,1,321,Active
LT-16765,2022-12-04,28,1,223056.00,0.00,0.30,3,1,1,311,New Customers
JE-15475,2022-06-20,195,1,228911.00,0.00,0.30,2,1,1,211,Churners
JM-15265,2022-11-23,39,1,230904.00,0.00,0.30,3,1,1,311,New Customers
JK-15640,2022-07-03,182,1,231212.00,0.00,0.30,2,1,1,211,Churners
LL-16840,2022-04-25,251,2,234495.00,0.29,0.30,1,1,1,111,Churners
DB-13210,2022-12-21,11,3,237735.00,0.58,0.30,3,2,1,321,Active
JD-16015,2022-09-09,114,3,243834.00,0.58,0.31,2,2,1,221,Potential churners
AG-10330,2022-12-22,10,4,245551.00,0.80,0.31,3,3,1,331,Active
BM-11140,2022-02-26,309,1,249753.00,0.00,0.31,1,1,1,111,Churners
BD-11770,2022-02-06,329,2,250320.00,0.29,0.31,1,1,1,111,Churners
SG-20080,2022-12-22,10,1,251829.00,0.00,0.31,3,1,1,311,New Customers
JF-15355,2022-09-16,107,4,252912.00,0.80,0.31,2,3,1,231,Potential churners
ST-20530,2022-08-27,127,2,254464.00,0.29,0.32,2,1,1,211,Churners
AS-10240,2022-06-21,194,1,256496.00,0.00,0.32,2,1,1,211,Churners
JR-15700,2022-10-23,70,1,259164.00,0.00,0.32,3,1,1,311,New Customers
MK-18160,2022-05-04,242,2,259238.00,0.29,0.32,1,1,1,111,Churners
AG-10765,2022-10-14,79,1,260020.00,0.00,0.32,3,1,1,311,New Customers
JF-15295,2022-05-19,227,2,264192.00,0.29,0.32,1,1,1,111,Churners
ML-18040,2022-10-12,81,3,265302.00,0.58,0.32,3,2,1,321,Active
JG-15805,2022-05-21,225,1,265416.00,0.00,0.33,1,1,1,111,Churners
DP-13000,2022-08-26,128,3,266493.00,0.58,0.33,2,2,1,221,Potential churners
CP-12340,2022-07-23,162,2,266520.00,0.29,0.33,2,1,1,211,Churners
DK-13225,2022-12-20,12,2,266788.00,0.29,0.33,3,1,1,311,New Customers
HM-14980,2022-04-27,249,2,267394.00,0.29,0.33,1,1,1,111,Churners
CS-12175,2022-05-12,234,2,268318.00,0.29,0.33,1,1,1,111,Churners
SC-20050,2022-11-20,42,4,271193.00,0.80,0.33,3,3,1,331,Active
PG-18820,2022-11-24,38,3,272588.00,0.58,0.34,3,2,1,321,Active
JM-15655,2022-12-22,10,2,274044.00,0.29,0.34,3,1,1,311,New Customers
RH-19495,2022-11-28,34,3,274592.00,0.58,0.34,3,2,1,321,Active
SM-20320,2022-10-12,81,2,279161.00,0.29,0.34,3,1,1,311,New Customers
KD-16345,2022-11-19,43,2,281808.00,0.29,0.34,3,1,1,311,New Customers
AC-10660,2022-03-23,284,1,287456.00,0.00,0.34,1,1,1,111,Churners
VF-21715,2022-12-17,15,3,289094.00,0.58,0.34,3,2,1,321,Active
JM-16195,2022-11-03,59,3,289322.00,0.58,0.35,3,2,1,321,Active
MG-17875,2022-09-05,118,1,294368.00,0.00,0.35,2,1,1,211,Churners
LC-17140,2022-12-17,15,4,300187.00,0.80,0.35,3,3,1,331,Active
MA-17560,2022-10-27,66,3,300536.00,0.58,0.35,3,2,1,321,Active
KH-16690,2022-12-28,4,2,302332.00,0.29,0.35,3,1,1,311,New Customers
KC-16540,2022-09-24,99,1,309168.00,0.00,0.35,3,1,1,311,New Customers
AM-10360,2022-12-02,30,2,313117.00,0.29,0.35,3,1,1,311,New Customers
PJ-18835,2022-11-21,41,3,315592.00,0.58,0.36,3,2,1,321,Active
TD-20995,2022-11-23,39,6,317509.00,0.98,0.36,3,3,1,331,Active
BD-11725,2022-09-28,95,4,319537.00,0.80,0.36,3,3,1,331,Active
DW-13540,2022-09-23,100,3,320800.00,0.58,0.36,3,2,1,321,Active
MC-17605,2022-09-09,114,4,324577.00,0.80,0.36,2,3,1,231,Potential churners
DO-13435,2022-08-19,135,4,329197.00,0.80,0.36,2,3,1,231,Potential churners
AS-10630,2022-09-29,94,3,329633.00,0.58,0.36,3,2,1,321,Active
SH-20395,2022-12-07,25,6,333599.00,0.98,0.37,3,3,1,331,Active
NC-18340,2022-05-20,226,1,336227.00,0.00,0.37,1,1,1,111,Churners
PO-19195,2022-10-05,88,1,340027.00,0.00,0.37,3,1,1,311,New Customers
CB-12535,2022-06-16,199,2,342175.00,0.29,0.37,2,1,1,211,Churners
AT-10735,2022-12-17,15,4,345846.00,0.80,0.37,3,3,1,331,Active
PO-19180,2022-07-23,162,3,350973.00,0.58,0.37,2,2,1,221,Potential churners
PG-18895,2022-11-03,59,4,355265.00,0.80,0.37,3,3,1,331,Active
PS-18970,2022-10-22,71,3,359514.00,0.58,0.38,3,2,1,321,Active
KB-16600,2022-12-29,3,3,360209.00,0.58,0.38,3,2,1,321,Active
NK-18490,2022-10-21,72,4,364293.00,0.80,0.38,3,3,1,331,Active
LH-17020,2022-05-05,241,1,365505.00,0.00,0.38,1,1,1,111,Churners
AY-10555,2022-12-16,16,1,373456.00,0.00,0.38,3,1,1,311,New Customers
TB-21400,2022-06-11,204,2,375532.00,0.29,0.38,1,1,1,111,Churners
CA-12775,2022-09-01,122,2,375843.00,0.29,0.38,2,1,1,211,Churners
RD-19810,2022-12-16,16,3,375880.00,0.58,0.39,3,2,1,321,Active
DB-13120,2022-11-12,50,2,382602.00,0.29,0.39,3,1,1,311,New Customers
MF-18250,2022-12-23,9,1,384365.00,0.00,0.39,3,1,1,311,New Customers
MR-17545,2022-08-27,127,2,388063.00,0.29,0.39,2,1,1,211,Churners
SJ-20500,2022-04-21,255,1,389056.00,0.00,0.39,1,1,1,111,Churners
AH-10120,2022-10-31,62,4,403758.00,0.80,0.39,3,3,1,331,Active
CA-12310,2022-12-17,15,2,403862.00,0.29,0.39,3,1,1,311,New Customers
CL-12700,2022-09-16,107,3,406689.00,0.58,0.40,2,2,1,221,Potential churners
EB-13750,2022-11-25,37,3,407500.00,0.58,0.40,3,2,1,321,Active
DB-13615,2022-11-27,35,3,424730.00,0.58,0.40,3,2,1,321,Active
SB-20220,2022-06-12,203,2,427283.00,0.29,0.40,1,1,1,111,Churners
TS-21430,2022-07-11,174,1,433202.00,0.00,0.40,2,1,1,211,Churners
DB-13405,2022-06-26,189,2,434248.00,0.29,0.40,2,1,1,211,Churners
MC-18100,2022-11-19,43,3,437484.00,0.58,0.40,3,2,1,321,Active
GT-14755,2022-11-26,36,2,441776.00,0.29,0.41,3,1,1,311,New Customers
KB-16585,2022-05-14,232,2,448342.00,0.29,0.41,1,1,1,111,Churners
OT-18730,2022-10-26,67,2,455043.00,0.29,0.41,3,1,1,311,New Customers
RW-19630,2022-10-02,91,2,455087.00,0.29,0.41,3,1,1,311,New Customers
PA-19060,2022-09-18,105,1,459392.00,0.00,0.41,2,1,1,211,Churners
LO-17170,2022-12-28,4,3,459628.00,0.58,0.41,3,2,1,321,Active
TC-21145,2022-09-15,108,1,461510.00,0.00,0.41,2,1,1,211,Churners
AG-10495,2022-10-13,80,1,461724.00,0.00,0.42,3,1,1,311,New Customers
HP-14815,2022-11-30,32,2,469405.00,0.29,0.42,3,1,1,311,New Customers
SH-19975,2022-12-01,31,5,471879.00,0.93,0.42,3,3,1,331,Active
RD-19660,2022-09-07,116,1,473382.00,0.00,0.42,2,1,1,211,Churners
JK-16120,2022-09-04,119,3,480484.00,0.58,0.42,2,2,1,221,Potential churners
TH-21100,2022-01-20,346,1,482328.00,0.00,0.42,1,1,1,111,Churners
GA-14515,2022-08-03,151,3,483536.00,0.58,0.42,2,2,1,221,Potential churners
AZ-10750,2022-07-23,162,1,486144.00,0.00,0.43,2,1,1,211,Churners
AW-10840,2022-12-10,22,2,487920.00,0.29,0.43,3,1,1,311,New Customers
JM-15865,2022-09-12,111,2,491980.00,0.29,0.43,2,1,1,211,Churners
RF-19735,2022-10-02,91,2,494715.00,0.29,0.43,3,1,1,311,New Customers
JK-15730,2022-10-07,86,4,497371.00,0.80,0.43,3,3,1,331,Active
NB-18655,2022-12-11,21,3,497927.00,0.58,0.43,3,2,1,321,Active
RS-19420,2022-10-15,78,3,503577.00,0.58,0.43,3,2,1,321,Active
VP-21730,2022-11-30,32,2,505465.00,0.29,0.44,3,1,1,311,New Customers
AM-10705,2022-07-21,164,3,512296.00,0.58,0.44,2,2,1,221,Potential churners
VS-21820,2022-05-23,223,1,513864.00,0.00,0.44,1,1,1,111,Churners
SS-20190,2022-12-15,17,5,515140.00,0.93,0.44,3,3,1,331,Active
EB-14110,2022-09-08,115,1,517056.00,0.00,0.44,2,1,1,211,Churners
VB-21745,2022-11-06,56,2,519264.00,0.29,0.44,3,1,1,311,New Customers
HR-14770,2022-12-17,15,3,521000.00,0.58,0.45,3,2,1,321,Active
SG-20470,2022-06-30,185,1,522315.00,0.00,0.45,2,1,1,211,Churners
QJ-19255,2022-12-05,27,2,523999.00,0.29,0.45,3,1,1,311,New Customers
SC-20260,2022-06-26,189,2,529074.00,0.29,0.45,2,1,1,211,Churners
DR-12940,2022-11-10,52,2,531021.00,0.29,0.45,3,1,1,311,New Customers
TB-21355,2022-08-06,148,2,537153.00,0.29,0.45,2,1,1,211,Churners
CC-12475,2022-11-21,41,4,539151.00,0.80,0.45,3,3,1,331,Active
AB-10150,2022-11-19,43,2,539568.00,0.29,0.46,3,1,1,311,New Customers
ED-13885,2022-08-17,137,2,539797.00,0.29,0.46,2,1,1,211,Churners
KL-16645,2022-11-13,49,3,543146.00,0.58,0.46,3,2,1,321,Active
MM-17920,2022-12-23,9,4,547418.00,0.80,0.46,3,3,1,331,Active
LS-16975,2022-12-10,22,3,554392.00,0.58,0.46,3,2,1,321,Active
JP-15460,2022-11-23,39,2,555999.00,0.29,0.46,3,1,1,311,New Customers
CM-12190,2022-12-22,10,3,566444.00,0.58,0.46,3,2,1,321,Active
DK-13375,2022-12-11,21,3,573111.00,0.58,0.47,3,2,1,321,Active
WB-21850,2022-12-10,22,3,573803.00,0.58,0.47,3,2,1,321,Active
MA-17995,2022-06-27,188,1,574938.00,0.00,0.47,2,1,1,211,Churners
EH-14125,2022-07-31,154,3,578836.00,0.58,0.47,2,2,1,221,Potential churners
FM-14215,2022-12-23,9,3,579222.00,0.58,0.47,3,2,1,321,Active
MJ-17740,2022-12-08,24,2,579336.00,0.29,0.47,3,1,1,311,New Customers
MC-17635,2022-06-24,191,1,579798.00,0.00,0.47,2,1,1,211,Churners
FH-14365,2022-12-25,7,4,580225.00,0.80,0.48,3,3,1,331,Active
AJ-10945,2022-10-06,87,2,593545.00,0.29,0.48,3,1,1,311,New Customers
JP-15520,2022-12-22,10,2,595370.00,0.29,0.48,3,1,1,311,New Customers
HG-15025,2022-12-24,8,3,599660.00,0.58,0.48,3,2,1,321,Active
CK-12595,2022-11-17,45,4,601560.00,0.80,0.48,3,3,1,331,Active
KB-16405,2022-09-04,119,2,604337.00,0.29,0.48,2,1,1,211,Churners
AB-10165,2022-12-05,27,4,605954.00,0.80,0.48,3,3,1,331,Active
AP-10915,2022-09-23,100,3,609167.00,0.58,0.49,3,2,1,321,Active
AS-10225,2022-12-08,24,2,616210.00,0.29,0.49,3,1,1,311,New Customers
KM-16660,2022-12-15,17,1,618905.00,0.00,0.49,3,1,1,311,New Customers
TC-21475,2022-07-30,155,3,620384.00,0.58,0.49,2,2,1,221,Potential churners
SW-20455,2022-07-21,164,2,620724.00,0.29,0.49,2,1,1,211,Churners
GM-14500,2022-09-15,108,3,620902.00,0.58,0.49,2,2,1,221,Potential churners
MP-18175,2022-12-14,18,3,621066.00,0.58,0.49,3,2,1,321,Active
SB-20235,2022-06-25,190,2,622544.00,0.29,0.50,2,1,1,211,Churners
DB-12970,2022-05-03,243,1,624656.00,0.00,0.50,1,1,1,111,Churners
CW-11905,2022-12-08,24,2,625212.00,0.29,0.50,3,1,1,311,New Customers
LB-16795,2022-07-31,154,2,630141.00,0.29,0.50,2,1,2,212,Potential churners
NS-18640,2022-07-09,176,3,637282.00,0.58,0.50,2,2,2,222,Active
DK-12835,2022-12-09,23,5,641282.00,0.93,0.50,3,3,2,332,Loyal
NC-18625,2022-06-09,206,2,643132.00,0.29,0.50,1,1,2,112,Churners
RB-19705,2022-11-06,56,2,646415.00,0.29,0.51,3,1,2,312,New Customers
AP-10720,2022-11-19,43,1,648778.00,0.00,0.51,3,1,2,312,New Customers
CL-11890,2022-09-15,108,2,652065.00,0.29,0.51,2,1,2,212,Potential churners
JF-15190,2022-10-26,67,4,654430.00,0.80,0.51,3,3,2,332,Loyal
SF-20965,2022-11-12,50,3,654463.00,0.58,0.51,3,2,2,322,Active
SW-20275,2022-11-30,32,4,662304.00,0.80,0.51,3,3,2,332,Loyal
RP-19390,2022-11-27,35,2,663525.00,0.29,0.51,3,1,2,312,New Customers
NF-18595,2022-09-07,116,2,663534.00,0.29,0.52,2,1,2,212,Potential churners
DC-13285,2022-12-07,25,2,664760.00,0.29,0.52,3,1,2,312,New Customers
MH-18025,2022-11-11,51,3,665321.00,0.58,0.52,3,2,2,322,Active
JH-15430,2022-12-25,7,3,673654.00,0.58,0.52,3,2,2,322,Active
LP-17080,2022-11-20,42,2,675475.00,0.29,0.52,3,1,2,312,New Customers
JE-15745,2022-11-09,53,4,676741.00,0.80,0.52,3,3,2,332,Loyal
ME-17320,2022-11-18,44,5,691290.00,0.93,0.52,3,3,2,332,Loyal
KM-16720,2022-12-02,30,1,691649.00,0.00,0.53,3,1,2,312,New Customers
AC-10450,2022-12-19,13,2,691920.00,0.29,0.53,3,1,2,312,New Customers
JH-15820,2022-07-09,176,2,696382.00,0.29,0.53,2,1,2,212,Potential churners
DH-13075,2022-03-28,279,1,700412.00,0.00,0.53,1,1,2,112,Churners
RD-19585,2022-07-03,182,3,708084.00,0.58,0.53,2,2,2,222,Active
EH-14005,2022-12-28,4,4,709688.00,0.80,0.53,3,3,2,332,Loyal
TM-21490,2022-08-22,132,3,711805.00,0.58,0.53,2,2,2,222,Active
BD-11605,2022-09-24,99,1,713196.00,0.00,0.54,3,1,2,312,New Customers
JC-15385,2022-07-08,177,1,715312.00,0.00,0.54,2,1,2,212,Potential churners
TB-21250,2022-01-15,351,1,732116.00,0.00,0.54,1,1,2,112,Churners
BF-11275,2022-11-03,59,2,735325.00,0.29,0.54,3,1,2,312,New Customers
SA-20830,2022-10-28,65,5,749471.00,0.93,0.54,3,3,2,332,Loyal
KD-16615,2022-03-16,291,2,752145.00,0.29,0.54,1,1,2,112,Churners
CS-12250,2022-12-04,28,4,770080.00,0.80,0.54,3,3,2,332,Loyal
BH-11710,2022-12-07,25,3,777601.00,0.58,0.55,3,2,2,322,Active
PW-19030,2022-11-14,48,4,778298.00,0.80,0.55,3,3,2,332,Loyal
PP-18955,2022-09-24,99,2,779161.00,0.29,0.55,3,1,2,312,New Customers
SC-20845,2022-08-21,133,1,786216.00,0.00,0.55,2,1,2,212,Potential churners
HZ-14950,2022-11-25,37,4,793208.00,0.80,0.55,3,3,2,332,Loyal
ES-14080,2022-12-02,30,3,799110.00,0.58,0.55,3,2,2,322,Active
CD-11920,2022-11-20,42,2,801942.00,0.29,0.55,3,1,2,312,New Customers
KN-16705,2022-09-23,100,3,804307.00,0.58,0.56,3,2,2,322,Active
JL-15505,2022-11-11,51,3,806007.00,0.58,0.56,3,2,2,322,Active
AS-10285,2022-12-11,21,1,814184.00,0.00,0.56,3,1,2,312,New Customers
GT-14710,2022-11-24,38,4,814291.00,0.80,0.56,3,3,2,332,Loyal
AF-10870,2022-11-19,43,3,824501.00,0.58,0.56,3,2,2,322,Active
CK-12325,2022-09-01,122,2,824915.00,0.29,0.56,2,1,2,212,Potential churners
JF-15490,2022-08-31,123,4,825184.00,0.80,0.57,2,3,2,232,Active
KA-16525,2022-11-24,38,3,838128.00,0.58,0.57,3,2,2,322,Active
DJ-13510,2022-11-12,50,6,845394.00,0.98,0.57,3,3,2,332,Loyal
BM-11575,2022-09-21,102,3,851811.00,0.58,0.57,2,2,2,222,Active
RA-19915,2022-12-18,14,2,875031.00,0.29,0.57,3,1,2,312,New Customers
JH-15910,2022-11-19,43,3,886505.00,0.58,0.57,3,2,2,322,Active
SP-20920,2022-10-21,72,2,888315.00,0.29,0.57,3,1,2,312,New Customers
TT-21460,2022-12-18,14,5,892041.00,0.93,0.58,3,3,2,332,Loyal
BO-11350,2022-08-15,139,3,892717.00,0.58,0.58,2,2,2,222,Active
DW-13195,2022-10-22,71,2,894279.00,0.29,0.58,3,1,2,312,New Customers
RD-19930,2022-11-18,44,2,896220.00,0.29,0.58,3,1,2,312,New Customers
CM-12160,2022-12-04,28,4,896522.00,0.80,0.58,3,3,2,332,Loyal
GM-14440,2022-10-08,85,4,912412.00,0.80,0.58,3,3,2,332,Loyal
CM-12115,2022-12-22,10,3,916305.00,0.58,0.58,3,2,2,322,Active
DM-13345,2022-12-08,24,2,930071.00,0.29,0.59,3,1,2,312,New Customers
SC-20725,2022-06-26,189,3,933976.00,0.58,0.59,2,2,2,222,Active
PF-19225,2022-09-07,116,2,948377.00,0.29,0.59,2,1,2,212,Potential churners
SO-20335,2022-12-01,31,4,968551.00,0.80,0.59,3,3,2,332,Loyal
MH-17290,2022-09-02,121,2,971029.00,0.29,0.59,2,1,2,212,Potential churners
BW-11065,2022-06-01,214,1,974232.00,0.00,0.59,1,1,2,112,Churners
KB-16240,2022-12-26,6,3,974877.00,0.58,0.59,3,2,2,322,Active
KD-16495,2022-09-09,114,3,974975.00,0.58,0.60,2,2,2,222,Active
KB-16315,2022-03-09,298,1,975388.00,0.00,0.60,1,1,2,112,Churners
JW-15955,2022-12-25,7,5,981139.00,0.93,0.60,3,3,2,332,Loyal
MD-17860,2022-11-24,38,4,988247.00,0.80,0.60,3,3,2,332,Loyal
NH-18610,2022-06-24,191,3,999187.00,0.58,0.60,2,2,2,222,Active
PJ-19015,2022-08-18,136,3,1017807.00,0.58,0.60,2,2,2,222,Active
TS-21505,2022-12-19,13,4,1020594.00,0.80,0.60,3,3,2,332,Loyal
VG-21790,2022-07-29,156,3,1028587.00,0.58,0.61,2,2,2,222,Active
DK-12985,2022-12-23,9,2,1036352.00,0.29,0.61,3,1,2,312,New Customers
XP-21865,2022-11-17,45,4,1038721.00,0.80,0.61,3,3,2,332,Loyal
AG-10900,2022-09-25,98,3,1046467.00,0.58,0.61,3,2,2,322,Active
VW-21775,2022-12-02,30,3,1050998.00,0.58,0.61,3,2,2,322,Active
AB-10255,2022-07-17,168,3,1051785.00,0.58,0.61,2,2,2,222,Active
DB-12910,2022-12-09,23,4,1067519.00,0.80,0.61,3,3,2,332,Loyal
RB-19330,2022-10-23,70,1,1067754.00,0.00,0.62,3,1,2,312,New Customers
RR-19315,2022-12-11,21,1,1069436.00,0.00,0.62,3,1,2,312,New Customers
BS-11755,2022-12-29,3,3,1092240.00,0.58,0.62,3,2,2,322,Active
GA-14725,2022-12-25,7,5,1103570.00,0.93,0.62,3,3,2,332,Loyal
MC-17575,2022-12-03,29,3,1115198.00,0.58,0.62,3,2,2,322,Active
CL-12565,2022-03-21,286,2,1118440.00,0.29,0.62,1,1,2,112,Churners
FP-14320,2022-12-07,25,2,1126280.00,0.29,0.62,3,1,2,312,New Customers
TM-21010,2022-09-18,105,3,1140168.00,0.58,0.63,2,2,2,222,Active
FH-14350,2022-06-01,214,2,1140290.00,0.29,0.63,1,1,2,112,Churners
GM-14680,2022-07-31,154,1,1142304.00,0.00,0.63,2,1,2,212,Potential churners
CK-12760,2022-10-09,84,2,1144838.00,0.29,0.63,3,1,2,312,New Customers
BE-11410,2022-09-23,100,2,1149796.00,0.29,0.63,3,1,2,312,New Customers
EG-13900,2022-12-08,24,3,1157240.00,0.58,0.63,3,2,2,322,Active
NR-18550,2022-06-03,212,1,1175042.00,0.00,0.63,1,1,2,112,Churners
CD-11980,2022-11-06,56,2,1175130.00,0.29,0.64,3,1,2,312,New Customers
KH-16630,2022-11-02,60,4,1176669.00,0.80,0.64,3,3,2,332,Loyal
SL-20205,2022-10-21,72,2,1180371.00,0.29,0.64,3,1,2,312,New Customers
KH-16360,2022-12-29,3,2,1180594.00,0.29,0.64,3,1,2,312,New Customers
KN-16390,2022-12-11,21,5,1184895.00,0.93,0.64,3,3,2,332,Loyal
PV-18985,2022-10-02,91,2,1186882.00,0.29,0.64,3,1,2,312,New Customers
LC-16930,2022-11-19,43,3,1199716.00,0.58,0.64,3,2,2,322,Active
PB-18805,2022-12-05,27,1,1200587.00,0.00,0.65,3,1,2,312,New Customers
ZC-21910,2022-11-06,56,4,1208645.00,0.80,0.65,3,3,2,332,Loyal
TW-21025,2022-10-27,66,3,1209976.00,0.58,0.65,3,2,2,322,Active
SW-20245,2022-10-10,83,2,1227602.00,0.29,0.65,3,1,2,312,New Customers
SC-20305,2022-12-01,31,4,1229331.00,0.80,0.65,3,3,2,332,Loyal
MM-17260,2022-07-15,170,2,1234430.00,0.29,0.65,2,1,2,212,Potential churners
BD-11320,2022-11-27,35,4,1234831.00,0.80,0.65,3,3,2,332,Loyal
GM-14455,2022-12-14,18,2,1270679.00,0.29,0.66,3,1,2,312,New Customers
CB-12025,2022-11-13,49,5,1284097.00,0.93,0.66,3,3,2,332,Loyal
AC-10615,2022-12-24,8,4,1296700.00,0.80,0.66,3,3,2,332,Loyal
RA-19945,2022-10-30,63,2,1298604.00,0.29,0.66,3,1,2,312,New Customers
RS-19765,2022-11-24,38,5,1307676.00,0.93,0.66,3,3,2,332,Loyal
EJ-13720,2022-03-03,304,1,1350608.00,0.00,0.66,1,1,2,112,Churners
IL-15100,2022-08-10,144,1,1353515.00,0.00,0.66,2,1,2,212,Potential churners
MB-17305,2022-11-12,50,4,1356927.00,0.80,0.67,3,3,2,332,Loyal
LH-16900,2022-12-09,23,2,1376915.00,0.29,0.67,3,1,2,312,New Customers
BP-11290,2022-12-18,14,3,1380549.00,0.58,0.67,3,2,2,322,Active
KC-16675,2022-11-03,59,2,1394130.00,0.29,0.67,3,1,2,312,New Customers
BP-11095,2022-12-13,19,5,1394574.00,0.93,0.67,3,3,2,332,Loyal
DB-13660,2022-12-18,14,4,1400586.00,0.80,0.67,3,3,2,332,Loyal
EH-13765,2022-08-17,137,2,1404264.00,0.29,0.67,2,1,2,212,Potential churners
JB-15400,2022-12-23,9,4,1420138.00,0.80,0.68,3,3,2,332,Loyal
MS-17980,2022-12-04,28,1,1425504.00,0.00,0.68,3,1,2,312,New Customers
SW-20350,2022-07-21,164,1,1429187.00,0.00,0.68,2,1,2,212,Potential churners
TP-21130,2022-12-22,10,3,1430937.00,0.58,0.68,3,2,2,322,Active
FO-14305,2022-11-22,40,4,1448096.00,0.80,0.68,3,3,2,332,Loyal
BF-11170,2022-12-14,18,2,1453410.00,0.29,0.68,3,1,2,312,New Customers
AH-10210,2022-12-24,8,5,1461614.00,0.93,0.68,3,3,2,332,Loyal
NZ-18565,2022-10-06,87,3,1478240.00,0.58,0.69,3,2,2,322,Active
AS-10090,2022-12-02,30,3,1480175.00,0.58,0.69,3,2,2,322,Active
FC-14245,2022-10-21,72,3,1490587.00,0.58,0.69,3,2,2,322,Active
CK-12205,2022-11-21,41,4,1507706.00,0.80,0.69,3,3,2,332,Loyal
JF-15415,2022-12-28,4,2,1508938.00,0.29,0.69,3,1,2,312,New Customers
CD-12280,2022-11-18,44,2,1510066.00,0.29,0.69,3,1,2,312,New Customers
KW-16435,2022-09-25,98,2,1541952.00,0.29,0.70,3,1,2,312,New Customers
LW-16990,2022-11-27,35,5,1544438.00,0.93,0.70,3,3,2,332,Loyal
MH-17455,2022-10-06,87,3,1550154.00,0.58,0.70,3,2,2,322,Active
BF-11215,2022-10-26,67,2,1556555.00,0.29,0.70,3,1,2,312,New Customers
HG-14965,2022-12-07,25,3,1557230.00,0.58,0.70,3,2,2,322,Active
KM-16375,2022-11-04,58,2,1626089.00,0.29,0.70,3,1,2,312,New Customers
GH-14665,2022-12-28,4,1,1631392.00,0.00,0.70,3,1,2,312,New Customers
TC-21295,2022-12-03,29,5,1647085.00,0.93,0.71,3,3,2,332,Loyal
CC-12610,2022-11-26,36,1,1648768.00,0.00,0.71,3,1,2,312,New Customers
MY-17380,2022-12-01,31,5,1649068.00,0.93,0.71,3,3,2,332,Loyal
PO-18865,2022-12-30,2,4,1679341.00,0.80,0.71,3,3,2,332,Loyal
TS-21655,2022-05-06,240,2,1693381.00,0.29,0.71,1,1,2,112,Churners
MO-17800,2022-09-17,106,5,1703715.00,0.93,0.71,2,3,2,232,Active
BE-11335,2022-09-02,121,3,1712709.00,0.58,0.71,2,2,2,222,Active
TH-21235,2022-09-04,119,3,1760051.00,0.58,0.72,2,2,2,222,Active
RO-19780,2022-11-25,37,2,1760817.00,0.29,0.72,3,1,2,312,New Customers
LT-17110,2022-11-26,36,2,1787301.00,0.29,0.72,3,1,2,312,New Customers
RA-19285,2022-12-25,7,4,1797375.00,0.80,0.72,3,3,2,332,Loyal
EM-14200,2022-07-25,160,2,1805423.00,0.29,0.72,2,1,2,212,Potential churners
EM-14140,2022-11-12,50,1,1813688.00,0.00,0.72,3,1,2,312,New Customers
EB-13870,2022-09-21,102,3,1842306.00,0.58,0.72,2,2,2,222,Active
ND-18460,2022-06-30,185,3,1848274.00,0.58,0.73,2,2,2,222,Active
ML-17410,2022-11-06,56,4,1866363.00,0.80,0.73,3,3,2,332,Loyal
HR-14830,2022-07-24,161,2,1884620.00,0.29,0.73,2,1,2,212,Potential churners
RD-19900,2022-09-07,116,1,1970912.00,0.00,0.73,2,1,2,212,Potential churners
CM-12655,2022-12-03,29,2,1979771.00,0.29,0.73,3,1,2,312,New Customers
JL-15235,2022-09-02,121,2,1986384.00,0.29,0.73,2,1,2,212,Potential churners
SV-20935,2022-12-28,4,5,1992351.00,0.93,0.73,3,3,2,332,Loyal
BF-11005,2022-11-21,41,1,1995018.00,0.00,0.74,3,1,2,312,New Customers
EB-13840,2022-10-01,92,1,2000376.00,0.00,0.74,3,1,2,312,New Customers
DW-13585,2022-05-02,244,3,2004852.00,0.58,0.74,1,2,2,122,Churners
VM-21685,2022-11-06,56,3,2004929.00,0.58,0.74,3,2,2,322,Active
FM-14290,2022-11-24,38,4,2027503.00,0.80,0.74,3,3,2,332,Loyal
BF-11020,2022-10-17,76,4,2063347.00,0.80,0.74,3,3,2,332,Loyal
KT-16480,2022-09-21,102,5,2065859.00,0.93,0.74,2,3,2,232,Active
CV-12295,2022-04-20,256,2,2081268.00,0.29,0.75,1,1,2,112,Churners
EB-13930,2022-07-22,163,1,2105376.00,0.00,0.75,2,1,2,212,Potential churners
DS-13030,2022-09-28,95,3,2112270.00,0.58,0.75,3,2,2,322,Active
BG-11740,2022-11-03,59,2,2126408.00,0.29,0.75,3,1,2,312,New Customers
DK-13090,2022-11-18,44,4,2157348.00,0.80,0.75,3,3,2,332,Loyal
GZ-14545,2022-07-26,159,3,2180012.00,0.58,0.75,2,2,2,222,Active
HM-14860,2022-12-28,4,5,2182615.00,0.93,0.75,3,3,2,332,Loyal
PH-18790,2022-10-21,72,1,2188944.00,0.00,0.76,3,1,2,312,New Customers
DG-13300,2022-11-28,34,1,2193871.00,0.00,0.76,3,1,2,312,New Customers
JS-15685,2022-11-18,44,2,2210770.00,0.29,0.76,3,1,2,312,New Customers
LE-16810,2022-12-09,23,2,2213260.00,0.29,0.76,3,1,2,312,New Customers
LC-16870,2022-12-03,29,3,2219389.00,0.58,0.76,3,2,2,322,Active
SJ-20215,2022-12-01,31,3,2232598.00,0.58,0.76,3,2,2,322,Active
AJ-10780,2022-10-16,77,2,2237532.00,0.29,0.76,3,1,2,312,New Customers
EB-13705,2022-11-12,50,3,2239280.00,0.58,0.77,3,2,2,322,Active
MG-18145,2022-10-07,86,2,2258543.00,0.29,0.77,3,1,2,312,New Customers
AD-10180,2022-12-01,31,4,2261753.00,0.80,0.77,3,3,2,332,Loyal
EP-13915,2022-12-18,14,8,2274283.00,1.00,0.77,3,3,2,332,Loyal
SN-20560,2022-09-10,113,2,2289277.00,0.29,0.77,2,1,2,212,Potential churners
NG-18355,2022-11-12,50,3,2294795.00,0.58,0.77,3,2,2,322,Active
AR-10540,2022-12-24,8,2,2312998.00,0.29,0.77,3,1,2,312,New Customers
JE-15715,2022-11-14,48,3,2329296.00,0.58,0.78,3,2,2,322,Active
EM-13825,2022-11-05,57,3,2335753.00,0.58,0.78,3,2,2,322,Active
RW-19690,2022-10-12,81,4,2374301.00,0.80,0.78,3,3,2,332,Loyal
PS-18760,2022-09-14,109,2,2378393.00,0.29,0.78,2,1,2,212,Potential churners
FG-14260,2022-11-26,36,5,2427215.00,0.93,0.78,3,3,2,332,Loyal
TB-21175,2022-11-02,60,1,2440319.00,0.00,0.78,3,1,2,312,New Customers
JS-16030,2022-12-02,30,3,2466540.00,0.58,0.78,3,2,2,322,Active
CP-12085,2022-10-09,84,3,2484391.00,0.58,0.79,3,2,2,322,Active
JG-15310,2022-12-28,4,3,2497180.00,0.58,0.79,3,2,2,322,Active
AB-10060,2022-11-06,56,4,2506172.00,0.80,0.79,3,3,2,332,Loyal
JK-15205,2022-10-30,63,1,2513451.00,0.00,0.79,3,1,2,312,New Customers
SC-20440,2022-11-24,38,3,2538920.00,0.58,0.79,3,2,2,322,Active
GW-14605,2022-12-02,30,2,2551875.00,0.29,0.79,3,1,2,312,New Customers
PN-18775,2022-11-30,32,4,2569110.00,0.80,0.79,3,3,2,332,Loyal
PM-19135,2022-11-09,53,1,2572600.00,0.00,0.80,3,1,2,312,New Customers
JL-15175,2022-12-24,8,2,2580632.00,0.29,0.80,3,1,2,312,New Customers
GG-14650,2022-11-17,45,4,2629118.00,0.80,0.80,3,3,2,332,Loyal
HK-14890,2022-08-01,153,3,2645024.00,0.58,0.80,2,2,3,223,Active
TP-21565,2022-01-14,352,1,2701064.00,0.00,0.80,1,1,3,113,Churners
BM-11650,2022-11-27,35,5,2705373.00,0.93,0.80,3,3,3,333,Loyal
MT-18070,2022-06-10,205,1,2711397.00,0.00,0.80,1,1,3,113,Churners
SE-20110,2022-12-21,11,4,2737291.00,0.80,0.81,3,3,3,333,Loyal
SJ-20125,2022-09-26,97,7,2748515.00,1.00,0.81,3,3,3,333,Loyal
AW-10930,2022-11-14,48,2,2780704.00,0.29,0.81,3,1,3,313,New Customers
NF-18385,2022-10-12,81,3,2781744.00,0.58,0.81,3,2,3,323,Loyal
BT-11395,2022-03-03,304,1,2797704.00,0.00,0.81,1,1,3,113,Churners
JF-15565,2022-11-06,56,1,2884640.00,0.00,0.81,3,1,3,313,New Customers
CT-11995,2022-09-25,98,3,2898203.00,0.58,0.82,3,2,3,323,Loyal
RA-19885,2022-11-17,45,3,2900371.00,0.58,0.82,3,2,3,323,Loyal
JD-16150,2022-11-19,43,2,2946722.00,0.29,0.82,3,1,3,313,New Customers
KL-16555,2022-12-14,18,3,2950839.00,0.58,0.82,3,2,3,323,Loyal
CR-12820,2022-10-06,87,2,2985841.00,0.29,0.82,3,1,3,313,New Customers
HA-14905,2022-10-22,71,2,2997232.00,0.29,0.82,3,1,3,313,New Customers
JW-15220,2022-11-18,44,4,3007920.00,0.80,0.82,3,3,3,333,Loyal
AB-10105,2022-11-19,43,5,3023576.00,0.93,0.83,3,3,3,333,Loyal
HG-14845,2022-11-06,56,3,3031732.00,0.58,0.83,3,2,3,323,Loyal
CS-11950,2022-12-05,27,4,3103723.00,0.80,0.83,3,3,3,333,Loyal
HL-15040,2022-11-17,45,2,3154507.00,0.29,0.83,3,1,3,313,New Customers
SZ-20035,2022-11-25,37,5,3162102.00,0.93,0.83,3,3,3,333,Loyal
BD-11500,2022-11-25,37,2,3162584.00,0.29,0.83,3,1,3,313,New Customers
TS-21610,2022-11-05,57,4,3200568.00,0.80,0.83,3,3,3,333,Loyal
MG-17650,2022-12-01,31,4,3228007.00,0.80,0.84,3,3,3,333,Loyal
GT-14635,2022-11-04,58,1,3233480.00,0.00,0.84,3,1,3,313,New Customers
LS-16945,2022-07-05,180,3,3345368.00,0.58,0.84,2,2,3,223,Active
JE-15610,2022-11-12,50,4,3354672.00,0.80,0.84,3,3,3,333,Loyal
DO-13645,2022-12-04,28,6,3356126.00,0.98,0.84,3,3,3,333,Loyal
MB-18085,2022-11-16,46,3,3356684.00,0.58,0.84,3,2,3,323,Loyal
JK-16090,2022-12-02,30,2,3357474.00,0.29,0.84,3,1,3,313,New Customers
JC-15775,2022-07-25,160,5,3381150.00,0.93,0.85,2,3,3,233,Active
MN-17935,2022-11-26,36,3,3412956.00,0.58,0.85,3,2,3,323,Loyal
DV-13465,2022-12-01,31,2,3425596.00,0.29,0.85,3,1,3,313,New Customers
SU-20665,2022-12-10,22,3,3448786.00,0.58,0.85,3,2,3,323,Loyal
SN-20710,2022-10-12,81,1,3564456.00,0.00,0.85,3,1,3,313,New Customers
JG-15160,2022-12-29,3,3,3646811.00,0.58,0.85,3,2,3,323,Loyal
NG-18430,2022-11-12,50,1,3675816.00,0.00,0.85,3,1,3,313,New Customers
BE-11455,2022-04-20,256,1,3761757.00,0.00,0.86,1,1,3,113,Churners
TT-21220,2022-06-30,185,2,3865283.00,0.29,0.86,2,1,3,213,Potential churners
MD-17350,2022-09-04,119,3,3888764.00,0.58,0.86,2,2,3,223,Active
NP-18700,2022-08-14,140,2,3898512.00,0.29,0.86,2,1,3,213,Potential churners
NL-18310,2022-11-02,60,1,3922123.00,0.00,0.86,3,1,3,313,New Customers
CM-11815,2022-08-21,133,3,3959700.00,0.58,0.86,2,2,3,223,Active
CS-12355,2022-12-24,8,6,3960757.00,0.98,0.86,3,3,3,333,Loyal
DB-13060,2022-12-14,18,3,3964936.00,0.58,0.87,3,2,3,323,Loyal
GM-14695,2022-09-04,119,1,3967056.00,0.00,0.87,2,1,3,213,Potential churners
LC-16885,2022-12-14,18,3,3973836.00,0.58,0.87,3,2,3,323,Loyal
MG-17680,2022-09-29,94,2,3999838.00,0.29,0.87,3,1,3,313,New Customers
SF-20200,2022-11-01,61,3,4026177.00,0.58,0.87,3,2,3,323,Loyal
MV-17485,2022-12-03,29,4,4047127.00,0.80,0.87,3,3,3,333,Loyal
SD-20485,2022-06-13,202,2,4129970.00,0.29,0.87,1,1,3,113,Churners
NS-18505,2022-12-24,8,3,4160045.00,0.58,0.88,3,2,3,323,Loyal
DS-13180,2022-12-07,25,2,4163968.00,0.29,0.88,3,1,3,313,New Customers
CS-11845,2022-09-30,93,2,4171995.00,0.29,0.88,3,1,3,313,New Customers
CC-12430,2022-12-30,2,4,4304973.00,0.80,0.88,3,3,3,333,Loyal
JR-16210,2022-11-27,35,2,4310678.00,0.29,0.88,3,1,3,313,New Customers
ND-18370,2022-12-03,29,4,4366533.00,0.80,0.88,3,3,3,333,Loyal
SK-19990,2022-12-22,10,2,4521632.00,0.29,0.88,3,1,3,313,New Customers
SC-20770,2022-11-19,43,2,4549258.00,0.29,0.89,3,1,3,313,New Customers
AH-10075,2022-11-26,36,5,4619030.00,0.93,0.89,3,3,3,333,Loyal
PR-18880,2022-11-24,38,2,4634877.00,0.29,0.89,3,1,3,313,New Customers
DK-12895,2022-11-15,47,3,4995560.00,0.58,0.89,3,2,3,323,Loyal
JK-15625,2022-10-30,63,1,5149308.00,0.00,0.89,3,1,3,313,New Customers
JM-15250,2022-11-23,39,5,5187163.00,0.93,0.89,3,3,3,333,Loyal
SB-20290,2022-11-13,49,2,5294033.00,0.29,0.89,3,1,3,313,New Customers
RW-19540,2022-09-01,122,4,5510395.00,0.80,0.90,2,3,3,233,Active
DR-12880,2022-12-27,5,4,5609530.00,0.80,0.90,3,3,3,333,Loyal
DM-13015,2022-11-03,59,3,5679419.00,0.58,0.90,3,2,3,323,Loyal
RL-19615,2022-08-31,123,4,5693250.00,0.80,0.90,2,3,3,233,Active
JO-15145,2022-11-03,59,3,5704005.00,0.58,0.90,3,2,3,323,Loyal
RB-19360,2022-09-25,98,3,5750281.00,0.58,0.90,3,2,3,323,Loyal
MW-18235,2022-11-16,46,1,5759928.00,0.00,0.90,3,1,3,313,New Customers
AS-10045,2022-10-03,90,4,5899212.00,0.80,0.91,3,3,3,333,Loyal
KH-16330,2022-11-20,42,3,5939111.00,0.58,0.91,3,2,3,323,Loyal
JL-15130,2022-12-22,10,3,5950212.00,0.58,0.91,3,2,3,323,Loyal
AJ-10795,2022-07-17,168,1,5977452.00,0.00,0.91,2,1,3,213,Potential churners
DV-13045,2022-12-11,21,3,6027658.00,0.58,0.91,3,2,3,323,Loyal
AB-10600,2022-11-10,52,1,6169844.00,0.00,0.91,3,1,3,313,New Customers
ML-17755,2022-12-01,31,6,6242708.00,0.98,0.91,3,3,3,333,Loyal
KE-16420,2022-12-04,28,2,6461200.00,0.29,0.92,3,1,3,313,New Customers
JB-16000,2022-11-17,45,5,6574316.00,0.93,0.92,3,3,3,333,Loyal
MH-18115,2022-12-25,7,8,6711403.00,1.00,0.92,3,3,3,333,Loyal
DB-13270,2022-11-07,55,2,6741918.00,0.29,0.92,3,1,3,313,New Customers
TB-21625,2022-11-30,32,3,6817425.00,0.58,0.92,3,2,3,323,Loyal
GH-14410,2022-10-16,77,4,6826107.00,0.80,0.92,3,3,3,333,Loyal
TH-21550,2022-10-19,74,3,7030380.00,0.58,0.92,3,2,3,323,Loyal
BW-11110,2022-08-31,123,3,7451517.00,0.58,0.93,2,2,3,223,Active
FH-14275,2022-11-23,39,6,7746800.00,0.98,0.93,3,3,3,333,Loyal
AT-10435,2022-12-09,23,2,8073821.00,0.29,0.93,3,1,3,313,New Customers
CC-12220,2022-12-10,22,4,8112098.00,0.80,0.93,3,3,3,333,Loyal
CY-12745,2022-10-31,62,3,8337311.00,0.58,0.93,3,2,3,323,Loyal
LP-17095,2022-12-21,11,4,8595489.00,0.80,0.93,3,3,3,333,Loyal
BS-11380,2022-12-02,30,3,9087172.00,0.58,0.93,3,2,3,323,Loyal
BC-11125,2022-06-11,204,2,9443042.00,0.29,0.94,1,1,3,113,Churners
MM-18055,2022-10-30,63,4,9677038.00,0.80,0.94,3,3,3,333,Loyal
NC-18415,2022-11-19,43,1,9730822.00,0.00,0.94,3,1,3,313,New Customers
TS-21370,2022-11-24,38,3,9860453.00,0.58,0.94,3,2,3,323,Loyal
BT-11530,2022-09-30,93,2,9956540.00,0.29,0.94,3,1,3,313,New Customers
AR-10405,2022-08-27,127,3,10529284.00,0.58,0.94,2,2,3,223,Active
CV-12805,2022-12-25,7,7,10750544.00,1.00,0.95,3,3,3,333,Loyal
HW-14935,2022-09-04,119,5,10816962.00,0.93,0.95,2,3,3,233,Active
RD-19480,2022-10-19,74,3,10848938.00,0.58,0.95,3,2,3,323,Loyal
DL-13495,2022-10-15,78,4,10921961.00,0.80,0.95,3,3,3,333,Loyal
BB-11545,2022-12-02,30,4,11419773.00,0.80,0.95,3,3,3,333,Loyal
CA-12265,2022-11-04,58,5,12028037.00,0.93,0.95,3,3,3,333,Loyal
RB-19795,2022-11-28,34,3,12510344.00,0.58,0.95,3,2,3,323,Loyal
DJ-13630,2022-12-18,14,1,12516726.00,0.00,0.96,3,1,3,313,New Customers
CJ-12010,2022-06-24,191,4,12608690.00,0.80,0.96,2,3,3,233,Active
DC-12850,2022-11-23,39,5,12723032.00,0.93,0.96,3,3,3,333,Loyal
VP-21760,2022-10-16,77,1,13163862.00,0.00,0.96,3,1,3,313,New Customers
SR-20425,2022-12-22,10,4,13280487.00,0.80,0.96,3,3,3,333,Loyal
ME-17725,2022-12-02,30,4,13502024.00,0.80,0.96,3,3,3,333,Loyal
NC-18535,2022-12-24,8,4,13606768.00,0.80,0.96,3,3,3,333,Loyal
SP-20620,2022-11-13,49,4,15094186.00,0.80,0.97,3,3,3,333,Loyal
AR-10825,2022-11-02,60,3,15809384.00,0.58,0.97,3,2,3,323,Loyal
SC-20380,2022-11-30,32,5,15897293.00,0.93,0.97,3,3,3,333,Loyal
BP-11185,2022-12-29,3,4,16044665.00,0.80,0.97,3,3,3,333,Loyal
CM-12385,2022-11-23,39,2,16637904.00,0.29,0.97,3,1,3,313,New Customers
RM-19675,2022-12-24,8,1,17306856.00,0.00,0.97,3,1,3,313,New Customers
KF-16285,2022-09-24,99,5,17818855.00,0.93,0.97,3,3,3,333,Loyal
TS-21205,2022-06-15,200,1,19589600.00,0.00,0.98,2,1,3,213,Potential churners
JL-15835,2022-12-09,23,6,19737374.00,0.98,0.98,3,3,3,333,Loyal
ES-14020,2022-11-20,42,2,20062616.00,0.29,0.98,3,1,3,313,New Customers
CR-12580,2022-11-03,59,1,20178083.00,0.00,0.98,3,1,3,313,New Customers
Dp-13240,2022-10-07,86,6,20776756.00,0.98,0.98,3,3,3,333,Loyal
TT-21070,2022-11-29,33,2,21559049.00,0.29,0.98,3,1,3,313,New Customers
CS-12400,2022-12-28,4,5,22297860.00,0.93,0.98,3,3,3,333,Loyal
PS-19045,2022-05-08,238,3,22849354.00,0.58,0.99,1,2,3,123,Churners
KH-16510,2022-12-08,24,2,28468696.00,0.29,0.99,3,1,3,313,New Customers
YS-21880,2022-12-21,11,5,29211477.00,0.93,0.99,3,3,3,333,Loyal
JA-15970,2022-09-29,94,5,33327504.00,0.93,0.99,3,3,3,333,Loyal
SV-20365,2022-09-20,103,4,35383170.00,0.80,0.99,2,3,3,233,Active
PK-19075,2022-12-21,11,5,38054166.00,0.93,0.99,3,3,3,333,Loyal
TP-21415,2022-09-17,106,3,41049214.00,0.58,0.99,2,2,3,223,Active
TA-21385,2022-10-22,71,2,45003150.00,0.29,1.00,3,1,3,313,New Customers
DB-13555,2022-09-14,109,4,48230868.00,0.80,1.00,2,3,3,233,Active
PO-18850,2022-12-26,6,5,60891392.00,0.93,1.00,3,3,3,333,Loyal
CC-12670,2022-12-01,31,2,82717779.00,0.29,1.00,3,1,3,313,New Customers
